Index,Name,Company,City,Country,Subscription Date
1,Sheryl,Rasmussen Group,East Leonard,Chile,24-08-2020
2,Preston,Vega-Gentry,East Jimmychester,Djibouti,23-04-2021
3,Roy,Murillo-Perry,Isabelborough,Antigua and Barbuda,25-03-2020
4,Linda,"Dominguez, Mcmillan and Donovan",Bensonview,Dominican Republic,02-06-2020
5,Joanna,"Martin, Lang and Andrade",West Priscilla,Slovakia (Slovak Republic),17-04-2021
6,Aimee,Steele Group,Chavezborough,Bosnia and Herzegovina,25-02-2020
7,Darren,"Lester, Woodard and Mitchell",Lake Ana,Pitcairn Islands,24-08-2021
8,Brett,"Sanford, Davenport and Giles",Kimport,Bulgaria,12-04-2021
9,Sheryl,Browning-Simon,Robersonstad,Cyprus,13-01-2020
10,Michelle,Beck-Hendrix,Elaineberg,Timor-Leste,08-11-2021
11,Carl,"Oconnell, Meza and Everett",Shannonville,Guernsey,20-10-2021
12,Jenna,"Hoffman, Reed and Mcclain",East Andrea,Vietnam,29-11-2020
13,Tracey,Graham-Francis,South Joannamouth,Togo,02-12-2021
14,Kristine,Carpenter-Cook,Jodyberg,Sri Lanka,08-02-2021
15,Faith,Carter-Hancock,Burchbury,Singapore,26-01-2022
16,Miranda,Singleton and Sons,Desireeshire,Oman,12-04-2022
17,Caroline,Winters-Mendoza,West Adriennestad,Western Sahara,10-03-2021
18,Greg,Valentine LLC,Lake Leslie,Mozambique,26-03-2022
19,Clifford,Simon LLC,Harmonview,South Georgia and the South Sandwich Islands,24-09-2020
20,Joanna,Mays-Mccormick,Jamesshire,French Polynesia,24-09-2021
21,Maxwell,Patterson Inc,East Carly,Malta,12-01-2022
22,Kiara,"Manning, Hester and Arroyo",South Alvin,Netherlands,15-09-2020
23,Colleen,Greer and Sons,Brittanyview,Paraguay,19-08-2020
24,Janet,Watts-Donaldson,Veronicamouth,Lao People's Democratic Republic,08-09-2020
25,Shane,Tucker LLC,Bryanville,Albania,06-04-2021
26,Marcus,Giles Ltd,Kaitlyntown,Panama,24-05-2022
27,Dakota,Simmons Group,Michealshire,Belarus,20-02-2022
28,Frederick,"Hinton, Chaney and Stokes",South Marissatown,Switzerland,26-05-2022
29,Stefanie,Santana-Duran,Acevedoville,Saint Vincent and the Grenadines,30-07-2020
30,Kent,Sawyer PLC,North Harold,Tanzania,26-04-2020
31,Jack,"Acosta, Petersen and Morrow",West Samuel,Zimbabwe,15-09-2021
32,Tom,Mcgee Group,Cunninghamborough,Denmark,13-01-2022
33,Gabriel,Adkins-Salinas,Port Annatown,Liechtenstein,24-04-2021
34,Kaitlyn,Herrera Group,New Kaitlyn,United States of America,21-09-2021
35,Faith,"Waters, Chase and Aguilar",West Marthaburgh,Bahamas,03-11-2021
36,Tammie,"Palmer, Barnes and Houston",East Teresa,Belize,04-01-2022
37,Nicholas,Jordan Ltd,South Hunter,Uruguay,10-08-2021
38,Jordan,Glover and Sons,South Walter,Solomon Islands,24-02-2021
39,Bruce,Huerta-Mclean,Poolefurt,Montenegro,22-10-2021
40,Sherry,Anderson Ltd,West John,Poland,01-11-2021
41,Natalie,Monroe PLC,West Darius,Dominican Republic,10-10-2020
42,Bryan,Kaufman and Sons,North Jimstad,Burkina Faso,08-09-2021
43,Wayne,Perkins-Trevino,East Rebekahborough,Bolivia,13-12-2020
44,Luis,Cross PLC,North Drew,Bulgaria,15-05-2022
45,Rhonda,"Herrera, Shepherd and Underwood",Lake Lindaburgh,Monaco,06-12-2021
46,Joanne,"Price, Sexton and Mcdaniel",Gwendolynview,Palau,01-07-2020
47,Geoffrey,Short-Wiggins,Zimmermanland,Uzbekistan,23-04-2020
48,Gloria,"Brennan, Acosta and Ramos",North Kerriton,Ghana,11-03-2022
49,Brady,Osborne-Erickson,North Eileenville,United Arab Emirates,10-03-2022
50,Latoya,"Hobbs, Garrett and Sanford",Port Sergiofort,Belarus,02-12-2021
51,Gerald,"Phelps, Forbes and Koch",New Alberttown,Canada,19-03-2021
52,Samuel,"May, Goodwin and Martin",South Jasmine,Algeria,27-03-2021
53,Patricia,"Christian, Winters and Ellis",Cowanfort,Swaziland,08-03-2021
54,Stacie,Byrd Inc,New Deborah,Madagascar,15-10-2020
55,Robin,"Nixon, Blackwell and Sosa",Wallstown,Ecuador,13-01-2022
56,Ralph,Montes PLC,Lake Ellenchester,Palestinian Territory,25-05-2020
57,Phyllis,Costa PLC,Lake Whitney,Saint Barthelemy,25-01-2021
58,Danny,Novak LLC,East Jaredbury,United Arab Emirates,17-03-2021
59,Kathy,"Moore, Mccoy and Glass",Selenabury,South Georgia and the South Sandwich Islands,15-11-2020
60,Kelli,Petty Ltd,Huangfort,Sao Tome and Principe,20-12-2020
61,Lynn,"Brennan, Camacho and Tapia",East Pennyshire,Portugal,21-08-2020
62,Shelley,"Prince, Malone and Pugh",Port Jasminborough,Togo,10-12-2020
63,Eddie,Caldwell Group,West Kristine,Ethiopia,24-03-2022
64,Chloe,Simon LLC,South Julia,Netherlands,15-05-2022
65,Eileen,"Knight, Abbott and Hubbard",Helenborough,Liberia,02-01-2021
66,Fernando,Church-Banks,Lake Nancy,Lithuania,23-04-2021
67,Makayla,Henderson Inc,Georgeport,New Caledonia,20-01-2020
68,Tom,Donaldson-Dougherty,South Sophiaberg,Kiribati,18-08-2020
69,Virginia,Warren Ltd,Hartbury,French Southern Territories,31-01-2021
70,Riley,Wade PLC,Erikaville,Canada,03-02-2020
71,Alexandria,Keller-Coffey,Nicolasfort,Iran,20-02-2021
72,Richard,Conway-Mcbride,New Jasmineshire,Morocco,23-02-2020
73,Candice,Huynh and Sons,East Summerstad,Zimbabwe,22-08-2020
74,Anita,Parrish Ltd,Skinnerport,Russian Federation,09-02-2020
75,Regina,Guzman-Brown,Raystad,Solomon Islands,15-01-2022
76,Debra,"Chang, Aguirre and Leblanc",Colinhaven,United States Virgin Islands,11-07-2020
77,Brittany,Mason-Hester,West Reginald,Kyrgyz Republic,24-07-2021
78,Cassidy,"Mcguire, Huynh and Hopkins",Lake Sherryborough,Myanmar,21-10-2020
79,Laurie,"Sanchez, Marsh and Hale",Port Katherineville,Dominica,08-06-2020
80,Alejandro,"Combs, Waller and Durham",Thomasland,Iceland,19-09-2020
81,Leslie,Blankenship-Arias,Coreybury,Micronesia,13-11-2021
82,Kathleen,"Coffey, Lamb and Johnson",Lake Janiceton,Saint Vincent and the Grenadines,12-09-2021
83,Hunter,Fitzpatrick-Lawrence,East Clinton,Isle of Man,28-12-2020
84,Chad,Garcia-Jimenez,South Joshuashire,Oman,15-11-2021
85,Corey,"Mcdonald, Bird and Ramirez",New Glenda,Fiji,18-02-2020
86,Emma,Stephens Inc,North Jillianview,New Zealand,13-05-2022
87,Duane,Montoya-Miller,Lyonsberg,Maldives,21-07-2020
88,Alison,"Vaughn, Watts and Leach",East Cristinabury,Benin,10-11-2020
89,Vernon,Carter-Strickland,Thomasfurt,Yemen,15-04-2021
90,Lori,Decker-Mcknight,North Joeburgh,Namibia,09-01-2021
91,Nina,Byrd-Campbell,Cassidychester,Bhutan,26-03-2020
92,Shane,Rocha-Hart,South Dannymouth,Hungary,06-07-2021
93,Collin,Lamb-Peterson,South Lonnie,Anguilla,29-06-2021
94,Sherry,"Lee, Lucero and Johnson",Frankchester,Solomon Islands,04-04-2021
95,Darrell,"Newton, Petersen and Mathis",Daisyborough,Mali,17-02-2022
96,Karl,Carey LLC,East Richard,Guyana,30-01-2022
97,Lynn,"Ware, Burns and Oneal",New Bradview,Sri Lanka,10-07-2021
98,Fred,Schmitt-Jones,Ortegaland,Solomon Islands,18-09-2021
99,Yvonne,Fitzgerald-Harrell,Lake Elijahview,Aruba,11-08-2021
100,Clarence,"Le, Nash and Cross",Judymouth,Honduras,11-03-2020
